Thread Code,R,G,B
D538,212,212,181
DT540,212,211,166
DT541,216,203,106
D50001,225,191,36
DT544,226,186,63
D50002,226,186,30
D50003,224,178,27
DS544,221,179,36
D539,213,213,172
D540,215,213,156
D542,212,201,120
D544,219,191,70
D50004,221,189,76
D543,218,189,62
D50005,222,184,51
D50006,218,179,40
D50007,214,172,50
D50008,214,193,146
D50009,217,186,121
D50010,223,149,38
D50011,224,148,47
D50012,216,141,41
DT524,216,139,41
D50013,215,127,56
D50014,209,113,3
D101,212,190,189
D104,217,153,164
D1031,204,123,143
D1118,207,131,143
D1043,216,153,163
D10083,210,189,186
D1041,209,181,186
D10084,208,159,170
D106,184,103,124
D701,160,51,64
D10085,148,39,54
D10086,141,40,53
D10087,136,38,53
D10088,125,36,45
D10089,123,34,48
D10090,110,55,62
D10091,212,163,157
DT142,202,126,123
D10092,179,70,78
D10093,141,45,52
D10094,140,45,50
D10095,130,43,49
D10096,125,37,42
D10097,108,43,50
D198,90,46,48
D30074,162,186,193
D363,134,176,196
D364,109,159,188
D30075,67,129,163
D30076,65,127,163
D365,46,119,165
D30077,17,95,144
D30078,12,81,123
D30079,153,177,187
D353,123,166,190
D30080,102,152,180
D304,81,130,161
D305,53,97,129
D306,42,88,122
D307,45,76,106
D30081,49,72,99
D30082,155,182,192
D30083,132,167,183
D30084,105,153,175
D30085,73,136,166
D30086,48,115,150
D30087,32,108,147
D30088,29,91,128
D30089,35,76,105
D30090,27,69,96
D112,211,179,151
D752,193,132,96
D753,194,127,95
DT754,184,93,49
D70001,169,79,48
D755,149,71,48
D70002,197,140,95
DT753,195,128,88
D70003,178,91,56
D70004,167,79,53
D70005,163,74,51
D70006,129,56,42
D1021,212,184,169
D140,212,169,158
D141,191,123,119
D145,163,77,82
D10116,149,58,66
D10117,132,44,45
D117,196,150,148
D706,183,127,120
D708,165,84,85
D1026,137,56,58
D1027,138,53,54
D1028,122,50,57
D1029,116,50,56
D20075,183,171,140
D20076,156,142,109
D20077,155,134,100
D20078,124,107,78
D285,110,96,68
D06F,189,177,139
D560,188,171,119
D561,173,149,99
D20079,155,127,63
D2835,134,113,49
D287,135,133,93
D288,115,105,68
D289,95,85,50
DT216,87,87,44
D20080,79,79,56
D238,102,102,71
D20081,124,124,100
D236,138,136,110
D235,163,169,130
D20082,132,127,69
D2011,136,130,71
DT212,136,131,74
D20083,106,101,71
DT289,91,85,59
D20084,75,66,40
D460,184,182,173
D40043,182,177,163
D40044,173,167,151
D40045,156,152,138
D40046,142,136,124
D40047,137,127,115
D40048,141,130,119
D40049,157,150,139
D40050,181,174,160
D481,193,186,176
D482,178,175,166
D40051,163,160,152
DT452,132,130,127
D40052,124,116,112
D40053,110,104,98
D40054,106,99,96
D40055,186,184,179
D002J,177,174,168
D40056,125,121,122
D40057,101,99,105
D486,98,93,98
D40058,95,93,99
DT487,80,75,81
D40059,68,65,70
D40060,58,55,60
D480,213,210,201
D880,212,212,208
D820,213,213,209
D80033,210,208,200
DB8,212,211,206
D80034,210,210,214
D821,208,213,232
D30202,174,183,175
D340,139,162,162
D312,105,128,133
D30203,97,119,119
D344,54,69,70
D30204,69,89,86
D341,123,145,135
D342,125,147,137
D30205,145,159,154
D30206,155,166,161
D036,157,160,149
D20092,122,123,115
D20093,73,76,69
D20094,55,62,52
D20095,52,59,60
D900,43,43,46
D901,41,42,43
D902,48,50,51
D40261,156,163,166
D40262,150,161,160
D40263,139,143,140
D40264,137,129,118
D50122,184,162,108
D50123,211,168,64
DS219,168,187,171
D20096,152,175,109
DT223,104,127,110
D20097,9,93,77
D60048,120,138,163
D60049,82,94,142
D60050,79,69,124
D08V,108,56,96
D60051,103,105,128
D60052,63,63,73
D3715,50,131,161
D30220,105,121,146
DT373,54,103,142
D358,48,56,68
D30221,51,60,72
D30222,55,63,76
D30223,47,54,66
D30224,50,55,60
D30225,46,48,60
D50015,209,200,167
D50016,213,192,130
D522,220,185,103
D523,225,176,68
D50017,218,167,63
DT523,225,163,60
D50018,220,143,45
D524,217,142,31
D525,217,138,37
D50019,209,192,162
D531,214,183,127
D503,207,160,91
D50020,210,159,64
D50021,213,151,68
D50022,214,142,40
D50023,215,142,38
D50024,202,135,63
D50025,213,199,145
D50026,213,201,151
D546,225,164,58
D50027,225,149,29
D50028,228,151,33
D533,225,136,51
D50029,222,139,45
D50030,218,141,66
D10098,212,186,192
D10099,209,170,184
D10100,207,159,177
D1511,189,110,149
D1048,167,72,115
DT123,215,170,186
D10101,204,151,176
D1510,187,124,160
D1512,186,110,150
D1513,155,70,117
D1514,138,66,108
D1516,126,57,92
D100,215,206,201
D102,217,176,186
D10102,212,153,167
D10103,210,118,143
D10104,181,57,94
DS023,172,53,98
D10105,169,51,94
D1047,181,82,118
D1049,163,49,90
D129,153,51,88
D194,129,49,78
D10106,98,41,58
D10107,82,45,59
D310,176,191,194
DS361,167,192,197
D30091,153,184,193
D30092,119,169,189
D30093,93,157,187
D30094,42,120,166
D303,115,161,191
D30095,99,159,193
D30096,9,91,145
D30097,28,89,141
D338,4,88,147
D30098,5,75,134
D30099,26,66,115
D383,174,194,195
D30100,150,182,186
D384,102,159,173
D30101,39,120,149
D314,51,109,137
D30102,171,191,192
D3015,152,185,194
D30103,77,148,172
D374,31,118,151
D375,33,104,141
D355,36,84,118
D30104,39,79,107
DT752,186,138,103
D70007,173,114,79
D70008,160,99,71
DS713,128,66,41
DT784,135,79,50
D70009,175,124,88
D532,192,138,97
D70010,203,156,113
D70011,206,166,119
D711,202,135,80
D70012,180,107,60
D70013,176,101,62
D70014,170,91,45
D754,164,86,44
D70015,205,84,57
D70016,194,81,55
D70017,171,65,44
D70018,155,57,45
D70019,139,49,40
D70020,135,43,40
D707,176,125,114
D709,148,71,64
D70021,132,58,55
D70022,127,54,54
D710,115,52,50
D520,203,199,176
D210,182,172,118
D283,179,157,79
D20085,190,175,23
D730,209,207,196
D805,202,193,169
D803,193,182,158
D80001,177,153,121
D841,168,145,113
D80002,198,191,170
D80003,198,190,166
D80004,191,166,120
D80005,163,136,88
D80006,160,123,71
D40010,167,165,156
D40011,160,157,142
D422,149,147,130
D20086,125,122,105
D237,120,119,97
DT236,113,111,91
D20087,74,73,59
D20088,65,68,51
D20089,61,68,59
D20090,60,63,54
D20091,37,46,46
D40061,172,172,167
D40062,158,158,153
D40063,128,125,120
D40064,117,115,111
D40065,112,108,107
D40066,174,174,170
D40067,161,164,163
DT484,143,144,144
D40068,84,85,89
D40069,75,75,82
D40070,170,177,179
D40071,156,160,163
D40072,121,129,136
D40073,91,96,102
D40074,75,77,83
D40075,76,74,80
D40076,170,171,170
D40077,168,172,172
D40078,147,152,155
D40079,110,114,121
D40080,84,88,96
D40081,70,70,73
D487,66,65,71
D488,59,57,67
D40082,49,49,58
D40237,165,167,159
D40238,155,159,154
D40239,138,146,145
D40240,133,141,138
D40241,125,131,126
D40242,162,162,158
D40243,158,160,155
D40244,154,158,157
D40245,147,155,155
D40246,173,173,165
D40247,163,163,156
D40248,150,151,146
D40249,137,134,122
D40250,165,164,151
D40251,147,143,129
D40252,110,99,84
D40253,93,86,76
D40254,89,85,78
D40255,188,187,179
D40256,176,178,168
D40257,165,173,165
D40258,158,168,162
D40259,85,92,86
D40260,51,64,55
D206,42,67,62
D80039,210,205,188
D80040,203,197,174
D80041,167,157,142
D70076,144,113,85
D30226,128,169,179
D50124,203,160,77
D60053,87,71,124
D10146,172,114,145
D40265,128,130,125
D40266,108,109,109
D20098,72,89,82
D20099,53,73,59
D20100,54,71,60
D20101,37,73,70
D70077,179,142,105
DT711,188,141,92
D70078,180,136,79
D70079,164,121,61
D70080,126,66,43
D70081,108,62,58
D70082,171,142,123
D70083,121,91,79
D70084,101,76,70
D70085,86,73,72
D70086,80,65,62
D50031,211,192,130
D501,213,192,122
D502,214,172,77
D50032,207,158,70
D50033,217,163,48
D50034,208,149,52
D50035,223,164,44
D50036,214,189,131
D50037,217,163,36
D50038,223,161,46
D50039,221,159,42
D50040,219,157,23
D50041,224,157,9
D50042,208,202,178
D50043,212,187,123
D50044,216,156,26
D50045,213,146,40
D50046,210,139,35
D50047,207,141,60
D5205,212,196,138
D521,214,195,129
D50048,219,157,62
D50049,224,157,50
D50050,219,140,39
D50051,214,135,47
D10108,212,191,193
D123,213,180,193
D124,211,159,182
D127,186,103,143
D10109,186,83,129
D10110,179,58,110
D10111,206,180,186
DT131,205,168,186
D125,197,134,167
D126,176,96,137
D128,170,87,133
D10112,159,58,108
D10113,154,49,103
D1900,213,180,191
D1032,182,127,150
D1035,136,68,97
D1036,132,70,95
DS1035,120,55,82
D131,203,174,194
D132,178,128,162
D133,167,116,155
D136,132,65,106
D10114,129,65,105
D137,123,55,97
D10115,107,54,80
D30105,82,170,185
D30106,64,161,185
D373,-75,140,178
D337,-115,119,163
D30107,-100,103,152
D30108,63,156,185
D30109,-42,137,174
D30110,-45,106,151
D30111,-33,95,140
D30112,128,188,193
D30113,105,182,193
DS369,79,173,190
D371,46,159,182
D30114,-54,136,164
D30115,-112,104,148
D30116,115,182,187
D370,89,171,184
D30117,-44,143,166
D372,-67,140,166
D30118,-128,130,161
D30119,72,163,173
D30120,69,164,176
D294,-45,140,155
D296,-71,114,140
D30121,-120,109,133
D1701,185,150,155
D1702,190,147,155
D1703,184,129,142
D1704,160,88,109
D1705,157,87,106
D10118,114,49,61
D10119,101,42,51
D161,206,184,174
D163,178,145,139
D165,177,122,126
D166,138,85,92
D167,131,67,81
D10120,141,57,61
D1988,137,54,59
D190,132,52,59
D10121,125,42,46
D1600,169,142,142
D1601,141,104,111
D1603,127,83,94
D1602,119,79,89
D196,99,50,63
D10122,88,43,55
D10123,82,44,54
D10124,80,48,54
D10125,74,49,55
D40012,193,186,161
D420,193,184,158
D411,174,168,143
D80007,151,137,120
D80008,138,128,107
D80009,132,116,95
D80010,168,151,125
D80011,150,131,106
D80012,143,124,91
D80013,144,114,75
D80014,141,114,79
D80015,136,113,79
D50115,194,177,142
D50116,176,155,105
D552,183,155,102
D562,186,154,94
D554,153,118,54
D50117,143,110,53
D50118,135,101,39
D50119,183,155,110
D50120,168,130,78
D563,156,117,58
D564,137,101,55
D565,114,85,56
D50121,113,80,54
D40083,189,191,185
D40084,156,162,160
D40085,140,147,149
D40086,128,133,136
D40087,95,93,95
D40088,174,177,173
D40089,158,160,156
D40090,155,158,156
D40091,129,132,132
D40092,87,90,92
D40093,74,76,79
D40094,78,79,78
D40095,98,97,96
D40096,125,128,126
D40097,137,138,134
D40098,171,170,167
D40099,165,166,164
D40100,112,108,108
D40101,105,102,101
D40102,173,173,168
D40103,157,158,156
D40104,128,131,129
D40105,102,102,100
D40106,77,76,78
D40107,73,72,74
D41G86,186,183,173
D41G27,168,168,164
D41A18,165,164,163
D41M29,142,136,131
D41G63,140,134,128
D41A29,101,98,95
D41N98,184,188,184
D41D03,167,170,165
D41N19,169,169,163
D41A98,157,156,151
D41AAH,162,164,159
D41N75,193,198,194
D41G38,157,164,169
D41B10,138,142,146
D41AD1,142,148,152
D41A75,70,75,89
D41N83,69,68,75
D41B56,159,163,161
D41G00,159,165,166
D41B48,140,147,148
D41AF8,139,145,144
D41AE1,130,134,138
D41L24,74,76,88
D41AE9,65,63,74
D41C83,59,57,65
D10147,205,105,142
DT27,210,98,137
D105,207,66,116
D10148,225,93,133
DT28,256,99,149
D13,236,79,117
D10149,226,69,98
D10150,230,55,60
D8,248,77,104
DT11,263,99,121
D169,246,146,123
D10151,250,107,58
D10152,229,91,53
D10153,224,76,52
D10154,221,84,37
D10155,224,100,34
D10156,236,118,47
D50125,227,159,-12
D50126,223,178,35
D50127,234,202,74
D10157,255,171,56
D10158,284,157,65
D10159,287,115,61
DT26,268,114,83
D172,279,91,46
D50052,206,188,122
DT501,213,193,113
D50053,221,180,81
D50054,218,174,67
D50055,225,169,8
D50056,222,164,-23
D50057,220,160,-12
D50058,210,190,136
D50059,210,165,80
D50060,206,149,69
D50061,194,137,65
D50062,184,120,54
D530,210,195,157
D50063,211,185,120
DT503,214,164,80
D50064,204,138,64
D50065,210,123,31
D751,214,171,128
D50066,223,143,80
D50067,217,138,79
D50068,215,120,46
D534,216,115,41
D50069,211,113,43
D50070,200,100,33
D50071,206,102,24
D651,206,189,195
D005L,193,170,184
D637,169,132,168
D135,123,66,114
DS136,114,58,106
D639,108,58,111
D60001,122,63,115
D134,139,86,145
D636,179,160,185
D60002,144,115,154
D638,125,89,142
D60003,89,57,108
D60004,83,60,103
D60005,83,67,106
D002L,76,60,99
D60006,177,157,179
D601,149,120,157
D605,100,63,104
D677,76,49,78
D650,202,183,188
D652,173,146,158
D653,149,125,143
D655,98,72,97
D656,68,51,69
D60007,63,49,72
D30122,144,191,190
D30123,112,179,181
D30124,94,173,175
D392,64,128,138
D295,20,120,135
D393,-8,88,104
D2040,134,192,190
D326,97,184,184
D321,84,179,179
D30125,117,178,172
D30126,65,159,152
D2215,-114,136,119
D320,145,196,194
D221,74,178,169
D222,-89,144,130
DS223,-58,130,125
D30127,-87,115,112
D01B,142,193,192
D219,134,195,193
D30128,61,169,161
D30129,-2,151,144
D323,-59,138,137
D30130,-82,127,128
D30131,-79,118,120
D30132,-85,103,103
D1899,218,187,194
D1042,206,157,172
D1014,171,89,111
D1034,130,65,90
D1033,171,112,131
D1902,178,130,149
D1904,156,99,123
D1906,128,68,95
D1908,116,57,76
D10126,87,45,55
D60036,120,90,106
DS89,102,61,78
D199,83,53,64
D600,172,154,171
D60037,110,95,117
D654,103,84,101
D336,74,57,85
D640,109,100,124
D621,155,163,181
D683,105,115,154
D60038,79,95,132
D60039,63,82,132
D60040,53,68,125
D60041,41,63,128
D60042,49,57,96
D80016,191,179,155
D806,180,166,142
D811,167,153,134
D812,154,144,124
D080,140,125,105
D80017,141,122,104
D843,139,116,96
D844,141,121,98
D80018,146,126,104
D421,175,165,144
D40013,156,148,129
D40014,137,127,109
D70023,201,192,164
D70024,190,175,145
D70025,177,151,112
D70026,169,144,96
D70027,160,134,96
D70028,150,132,97
D720,186,168,133
D70029,184,163,130
D721,179,153,120
D722,153,129,100
D70030,147,117,85
D723,144,111,84
D724,142,111,85
D430,197,203,201
D466,192,196,193
D467,161,173,173
D40108,112,127,128
D40109,90,96,99
D434,71,79,85
D40110,180,178,167
D40111,171,168,159
D40112,147,149,144
D40113,132,134,130
D40114,124,126,124
D40115,105,108,107
D40116,158,158,154
D40117,121,124,124
D40118,101,99,99
DS486,88,85,85
D40119,68,67,68
D300,191,196,197
D40120,164,169,167
D40121,149,154,153
D40122,117,121,121
D40123,94,94,99
D40124,81,82,86
D40125,73,74,78
D40126,58,61,63
D41M33,180,178,166
D41B42,165,162,145
D41L56,113,116,108
D41A66,179,165,136
D41B83,180,156,123
D41ABU,171,157,135
D41B11,137,102,58
D41N72,157,135,108
D41N61,189,169,132
D41M89,206,202,192
D41H35,183,174,159
D41M99,167,157,144
D41Q72,144,133,120
D41N59,126,110,101
D41B49,112,101,98
D41A10,80,77,78
D41A67,209,207,198
D41M42,210,209,195
D41B60,182,171,145
D41C27,160,148,127
D41A97,107,92,78
D41AA2,74,64,54
D41A64,69,61,51
D41ABJ,69,62,62
D41C34,82,81,84
D50072,225,156,75
D50073,225,151,71
D50074,229,143,46
D50075,229,144,54
D50076,223,122,38
D50077,223,108,39
D50078,215,97,20
D50079,218,139,43
D50080,222,127,48
D50081,220,117,-12
D50082,215,107,44
D50083,206,96,41
D50084,195,93,52
D10001,216,168,145
D170,214,127,99
D171,211,107,70
D173,210,96,59
D10002,199,79,43
DT173,191,71,39
D10003,186,62,46
DS1051,182,56,39
D10004,184,55,53
D10005,181,52,45
DT1053,170,49,48
D700,170,48,51
D610,194,188,199
D60008,182,172,185
D60009,166,154,173
D602,135,119,152
D60010,87,70,112
D60011,86,69,120
D60012,70,53,100
D673,160,149,179
D603,131,108,153
D604,101,64,105
D60013,79,46,79
D671,191,182,196
D672,179,164,188
D674,145,127,161
D675,92,77,120
D60014,76,64,107
D60015,70,62,105
D60016,67,58,92
D676,131,99,158
DT9,138,97,158
D60017,110,70,135
D60018,95,55,123
D60019,71,53,107
D60020,70,55,104
D60021,63,46,93
D369,131,191,198
D30133,119,169,172
D391,105,161,167
D30134,105,159,166
DS074,29,106,114
D325,30,102,108
D292,-134,97,106
D324,-38,144,153
D327,93,173,179
D30135,131,186,185
DT219,145,194,184
D2219,137,199,185
D220,100,188,167
D20001,43,135,115
D20002,28,117,105
D223,-16,114,100
D20003,105,141,134
D20004,-1,95,94
D20005,8,96,98
D20006,39,157,113
D20007,-3,120,80
D20008,27,115,84
DT265,-27,107,73
D20009,24,98,72
D20010,0,87,56
D60043,116,144,162
D632,69,101,125
D633,70,90,115
D635,44,64,92
D308,38,55,78
D60044,43,52,73
D60045,133,158,180
D614,126,148,174
D615,98,110,136
D60046,63,70,90
D616,60,65,87
D60047,52,57,74
D30136,128,169,189
D30137,129,165,183
D30138,76,114,148
D30139,61,87,111
D30140,55,74,98
D30141,128,161,181
D30142,86,128,164
D30143,71,103,136
D30144,49,73,111
D30145,39,54,83
DS358,39,50,76
D335,45,52,73
D30146,80,85,94
D70031,187,166,141
D740,185,163,126
D70032,178,148,107
D70033,170,135,98
D70034,151,112,72
D70035,155,111,70
D70036,196,186,163
D70037,201,190,163
D780,182,168,143
D70038,163,146,120
D70039,160,144,121
DT813,147,132,115
D731,191,179,154
D732,197,182,152
D733,183,166,136
DT721,181,161,131
D734,171,146,121
D735,161,132,103
D70040,156,115,85
D736,126,90,68
D70041,118,84,60
D737,112,74,55
D738,87,59,49
D739,76,58,50
D70042,66,52,51
D40127,158,165,175
D692,107,114,129
D40128,89,94,109
D694,70,73,86
D40129,57,61,75
D40130,65,71,82
D40131,71,76,87
D40132,64,73,84
D40133,82,93,108
D693,88,100,111
D691,130,135,145
D690,153,159,164
D484,140,150,156
D40134,126,133,137
D40135,101,106,112
D40136,79,86,92
D40137,68,70,74
D40138,60,60,63
D30181,132,150,165
D315,74,90,115
D30182,55,64,88
D30183,44,50,67
D30184,49,54,66
D30185,47,52,63
D30186,50,53,63
D41C35,193,199,190
D41M96,168,182,183
D41L99,107,136,153
D41L72,110,135,150
D41N03,60,86,105
D41N43,68,90,103
D41N94,128,142,139
D41M98,111,125,130
D41B59,71,84,93
D41A84,77,86,95
D41M75,47,54,61
D41N81,63,71,84
D41AC3,69,78,88
D41AF3,99,112,127
D41L38,117,124,139
D41F00,188,193,185
D41L54,126,154,165
D41B26,88,116,129
D41AC7,78,115,128
D41G99,77,113,127
D41N63,56,84,102
D41A79,59,85,101
D41F05,47,61,80
D41G12,46,62,79
D41C32,44,52,66
D10006,214,150,126
DT170,211,128,94
D10007,203,92,63
D10008,198,81,49
D10009,193,68,51
D1051,189,61,46
D10010,180,56,42
D10011,166,53,48
D10012,229,114,56
D10013,210,98,55
D535,207,85,42
D10014,199,79,46
D10015,197,81,49
D10016,194,70,39
D10017,214,145,110
D10018,211,100,57
D10019,206,87,44
D10020,205,91,55
D10021,203,78,40
D10022,200,70,33
DS172,199,68,32
D10023,199,70,47
D10024,194,69,48
D10025,183,66,41
D10026,176,67,39
D60022,174,171,184
D625,115,105,152
D641,89,77,121
D60023,76,62,113
D60024,63,53,83
D622,166,169,189
D662,129,128,163
D623,108,103,140
D626,96,87,133
DS664,79,72,120
D60025,70,60,111
D665,69,64,106
D60026,164,168,187
D60027,150,155,182
D60028,125,130,163
D661,120,121,158
D663,85,81,118
D643,63,59,87
D680,155,170,193
D681,136,152,179
D682,118,130,164
D684,82,92,130
D60029,60,66,106
D667,48,55,91
D60030,41,46,79
D252,161,191,160
D261,163,197,163
D262,109,168,117
D20011,61,137,85
D20012,42,120,65
D20013,25,104,58
D20014,200,210,197
D322,105,176,154
D20015,108,174,152
D290,37,159,123
D272,148,191,161
D20016,111,168,134
DT264,72,138,100
D200,39,120,82
D20017,-21,105,57
DT263,99,143,106
D263,86,128,97
D264,77,120,92
D20018,63,111,75
D246,58,89,71
D20019,56,135,76
D20020,21,122,58
D20021,42,115,71
D20022,35,89,66
D20023,34,80,67
D362,150,178,198
D30147,98,145,176
D30148,82,123,156
D30149,41,86,126
D30150,46,79,119
D30151,37,62,97
D30152,137,160,185
D30153,122,151,181
D30154,68,109,155
D30155,50,81,128
D30156,44,69,113
D30157,166,182,190
D30158,143,167,184
D30159,116,143,166
D30160,143,164,178
D631,133,155,169
D332,103,136,163
D30161,78,113,137
D30162,170,185,188
D30163,140,168,178
DT363,115,155,176
DT364,82,128,159
DT365,55,106,143
D30164,33,81,116
D30165,40,70,96
D760,184,167,152
D761,174,159,144
DT811,159,147,133
D70043,151,139,128
D762,140,118,106
D70044,133,109,96
D763,123,104,94
D764,118,99,90
D70045,110,88,77
D70046,100,79,71
D70047,75,60,52
D70048,207,202,188
D70049,209,202,186
D70050,203,190,171
D742,177,154,127
D741,179,149,119
D70051,157,110,84
D784,162,109,82
D70052,143,91,65
D785,115,73,58
D70053,102,68,57
D70054,95,64,52
D70055,78,64,63
D70056,68,58,57
D70057,68,62,62
D40139,152,159,161
D40140,140,152,156
D40141,135,147,153
D40142,103,116,129
D40143,100,113,123
D30187,123,145,155
D30188,131,155,164
D40144,152,168,173
D30189,136,157,168
D30190,106,139,162
D30191,78,96,116
D30192,47,68,90
D30193,43,57,73
D30194,56,72,82
D473,75,115,129
D40145,121,143,151
D40146,139,154,163
D40147,102,117,128
D30195,90,108,122
D30196,60,72,86
D30197,46,60,80
D30198,45,50,66
D30199,44,50,62
D30200,41,48,55
D30201,42,48,56
D41M95,152,174,184
D41N96,120,146,168
D41H32,78,108,131
D41G07,41,85,121
D41M88,40,77,110
D41ABA,40,68,96
D41M18,129,183,189
D41E02,15,146,180
D41G95,-35,109,160
D41B15,-63,101,148
D41N79,55,132,178
D41A81,113,157,178
D41N60,123,159,178
D41L73,162,189,195
D41G05,161,184,192
D41D43,145,180,196
D41A53,113,156,180
D41B37,97,142,176
D41M46,79,129,172
D41M67,17,96,151
D41AAJ,36,86,144
D41AFB,42,80,142
D41A49,38,66,128
D41L64,43,66,125
D41A50,49,62,92
D182,210,125,135
D154,205,97,111
D156,191,62,80
D10027,192,60,74
D10028,181,53,68
D186,179,49,61
D10029,175,45,56
D10030,161,40,48
D174,201,77,61
D175,197,70,57
D1052,191,59,53
D1053,189,59,59
DT700,170,46,43
D10031,172,44,48
D10032,164,45,49
D1898,209,193,188
D10033,210,123,121
D10034,185,71,75
D10035,172,65,67
D10036,168,56,59
D10037,159,48,54
D10038,143,42,51
D10039,130,36,43
D10040,130,47,53
DT192,123,50,56
D60031,134,148,172
D60032,106,116,147
D60033,94,105,140
D645,60,70,111
D669,51,52,87
D60034,149,154,169
D612,151,153,173
D004L,134,135,155
D624,109,106,141
D60035,61,52,81
D611,168,175,192
D664,82,80,126
DT1032,72,71,127
D30001,126,154,185
D30002,77,108,158
D30003,60,89,141
D30004,46,67,123
DT368,39,58,115
D30005,43,57,105
D613,160,181,197
D30006,98,139,172
D30007,83,124,159
D30008,42,76,114
D30009,37,67,104
D30010,32,62,98
D570,212,212,181
D20024,204,200,137
D20025,183,184,58
D20026,153,167,59
D20027,157,172,89
D273,181,190,121
D243,194,197,154
D260,198,205,178
D275,121,144,91
DT275,97,116,61
D277,78,94,59
D20028,78,93,58
D278,64,79,49
D20029,36,118,70
D20030,34,135,89
D233,44,110,69
D20031,39,116,74
D20032,91,154,64
D20033,92,155,78
D20034,95,146,81
D20035,80,133,65
D265,70,120,74
D232,74,117,73
D20036,62,107,62
D20037,51,101,60
D30166,166,189,190
D30167,139,174,184
D30168,113,149,169
D354,54,102,129
D30169,88,128,149
D30170,105,139,157
D30171,114,142,158
D40001,156,173,176
D461,131,153,161
D462,102,130,143
D463,82,115,130
D464,71,91,104
D40002,66,82,94
D465,63,78,90
D471,128,156,167
D40003,129,158,170
D472,101,131,147
D40004,81,108,121
D475,49,78,97
D476,55,83,104
D40005,56,74,87
D40006,59,78,92
D40007,48,62,75
D40008,55,68,78
D40009,48,58,69
D765,186,150,133
D782,181,134,112
D767,162,107,95
D783,157,84,60
DT786,134,69,49
D70058,131,67,52
D791,188,166,156
D792,185,160,146
D793,151,122,116
D70059,138,107,97
D795,100,70,66
D1518,85,55,49
D70060,82,52,48
D70061,191,184,165
D410,187,179,163
D80019,159,148,131
D813,147,136,121
D80020,127,111,95
D815,120,106,92
D80021,94,78,69
D845,86,69,55
D80022,78,63,58
D80023,67,55,52
D80024,67,58,55
D80025,63,56,55
D40148,171,174,168
D40149,152,159,154
D40150,150,156,151
D40151,129,135,131
D40152,131,138,134
D413,108,114,109
D40153,178,181,173
D40154,164,169,161
D40155,153,157,153
D40156,132,139,137
D40157,128,137,136
D001J,109,119,122
D40158,98,102,103
D40159,161,171,173
D40160,136,150,154
D40161,111,128,134
D40162,96,116,125
D40163,82,97,106
D40164,148,158,159
D431,132,144,149
D432,102,119,126
D433,82,97,107
D40165,67,85,97
D40166,61,74,83
D40167,63,71,77
D41G73,172,180,185
D41M44,147,156,174
D41L86,125,144,164
D41H10,167,169,184
D41A56,121,126,161
D41H33,88,70,126
D41AF0,170,152,176
D41N52,183,133,150
D41B77,204,116,142
D41A92,194,90,124
D41218,194,90,82
D41N00,199,76,82
D41M78,176,56,66
D41M55,161,52,60
D41230,150,47,57
D41D02,131,47,53
D41G25,135,50,65
D41AE2,102,40,52
D41G29,103,53,60
D41B69,115,52,57
D41B64,135,55,56
D41ACA,133,59,62
D41ACB,119,59,74
D41A31,92,48,52
D41N57,89,65,74
D111,216,194,182
D180,217,163,152
D184,215,106,97
DT184,198,85,75
D10041,177,55,63
D10042,170,48,52
D10043,144,45,52
DS1052,204,74,68
D10044,194,67,63
D10045,181,51,48
D10046,180,47,61
D702,179,47,58
D10047,171,41,49
D10048,166,42,55
DT117,217,159,165
D1081,216,148,157
D1082,209,121,132
D1083,208,111,129
D1084,182,76,95
D1085,179,51,73
D10049,169,47,68
D10050,167,52,69
D10051,153,34,53
D10052,144,34,52
D10053,141,43,55
D30011,136,163,183
D30012,105,141,177
D30013,75,116,157
D30014,34,84,144
D30015,29,78,143
D30016,39,76,133
D30017,36,72,130
D30018,112,141,171
D30019,80,118,164
D30020,48,83,140
D30021,37,73,133
D368,41,67,124
D30022,42,71,131
D30023,87,131,169
D30024,49,106,161
D30025,31,85,142
D30026,32,79,138
D30027,34,67,115
D311,151,174,191
D30028,124,152,174
D30029,99,137,166
D30030,52,93,130
D30031,38,71,106
D334,40,65,96
D30032,45,65,94
D571,211,225,134
D572,210,220,109
D576,211,221,95
D573,214,221,89
D574,214,224,48
D575,210,231,78
D50085,209,227,68
D50086,203,236,5
D578,198,220,75
D50087,203,239,53
D580,200,228,110
D581,192,224,99
D582,195,226,101
D579,158,197,92
D50088,157,201,72
D227,202,254,56
D3,191,246,-49
D50089,140,224,73
D229,123,221,97
D231,93,199,100
D228,193,203,130
D50090,187,198,112
D50091,159,176,50
DT228,119,144,36
D50092,125,152,60
D351,196,201,197
D390,107,169,171
D20046,93,157,153
D291,84,151,144
D331,185,198,197
D2039,152,188,184
D2041,101,159,160
D2042,86,150,153
D293,65,142,146
D301,191,202,203
D302,169,191,197
D30172,93,139,156
D385,11,86,103
DT393,20,64,77
D30173,51,85,105
D318,58,82,98
D316,53,79,97
D361,182,199,200
D30174,171,190,189
D30175,138,168,171
D30176,113,150,157
D30177,48,88,97
D30178,40,75,83
D30179,37,69,77
D30180,38,62,68
D450,188,182,177
D451,162,145,133
D452,145,132,126
D453,111,98,93
D40015,104,86,81
D454,101,84,79
DT745,102,77,67
D70062,105,77,65
D70063,99,69,59
D714,101,69,58
D713,122,75,56
D70064,140,83,54
D712,163,96,49
D743,173,141,126
D70065,145,98,87
D705,181,143,130
D769,103,59,51
D786,107,58,51
D807,174,152,134
D70066,158,126,108
D744,137,104,92
D745,120,91,84
D70067,99,75,66
D70068,85,59,53
D70069,71,52,49
D40168,181,182,177
D40169,157,161,162
D40170,139,145,147
D40171,130,135,137
D40172,112,113,117
D40173,153,159,158
D468,140,147,148
D469,118,128,133
D40174,112,122,124
D40175,83,93,97
D40176,81,86,91
D40177,51,57,62
D483,158,165,167
D485,133,137,140
D40178,102,105,106
D40179,99,98,99
D40180,72,70,72
D40181,60,60,65
D40182,134,135,134
D40183,112,107,105
D40184,99,96,96
D40185,87,85,86
D40186,81,83,86
D40187,58,56,59
D40188,46,45,50
D41G66,210,225,75
D41M68,185,187,35
D41M80,43,112,73
D41AAE,200,77,59
D41M26,187,61,38
D41AC5,187,57,57
D41G54,178,52,45
D41AC4,179,54,62
D41N70,218,183,99
D41F06,222,173,61
D41B21,223,172,68
D41B13,223,156,8
D41G41,208,110,55
D41F02,218,113,32
D41A37,218,190,74
D41H51,222,181,26
D41AAF,215,166,56
D41M43,212,143,44
D41G31,215,138,43
D41G01,167,85,50
D41N86,101,75,64
D41D01,73,51,49
D41A00,78,62,54
D41H03,66,53,48
D41C36,65,59,59
D10054,211,198,192
D10055,214,178,181
D10056,213,170,176
D10057,213,150,160
D10058,199,127,142
D10059,181,98,123
D1120,165,82,105
D1121,160,75,92
D1122,144,63,77
D10060,142,55,66
D116,216,186,177
D142,208,129,121
D155,202,81,90
D10061,187,60,65
D188,164,48,58
D10062,159,46,55
DS116,215,193,190
D103,215,154,166
D1013,208,107,128
D10063,180,59,67
DS702,172,46,61
D10064,174,67,59
D10065,154,38,52
D10066,152,35,48
D10067,145,38,48
D30033,145,179,194
D352,115,158,183
D30034,95,147,182
D30035,72,132,174
D30036,23,85,137
D30037,26,81,129
D30038,29,71,114
D30039,85,131,171
D30040,56,101,149
D30041,42,73,122
D30042,42,73,122
D30043,43,70,116
D30044,32,60,100
D30045,104,139,170
D30046,84,122,157
D30047,61,82,112
D356,54,74,105
D30048,44,56,87
D30049,164,182,192
D30050,131,159,181
D333,65,99,133
D30051,51,78,115
D30052,41,66,102
D30053,41,62,98
D30054,47,58,87
D551,196,179,129
D50093,273,137,-57
D50094,194,150,73
D50095,196,144,37
D50096,176,130,75
D514,135,91,48
D50097,206,198,146
D50098,206,189,109
DT561,180,158,84
D284,123,107,52
D218,102,95,55
D20038,193,192,128
D20039,164,171,63
D20040,156,156,70
DT210,150,156,84
D20041,112,130,59
D20042,163,161,108
D214,149,139,75
D212,140,131,75
D2012,128,121,75
D2013,124,116,72
D216,99,98,52
D2015,85,90,53
D2014,74,80,50
D2016,71,74,53
D201,138,161,138
D203,93,129,111
D20047,78,112,88
D245,65,93,73
D20048,62,84,65
D20049,57,83,62
DT245,74,104,79
D202,129,153,130
D20050,83,98,83
D20051,65,81,76
D204,61,94,82
D205,50,76,64
D20052,43,68,56
D20053,41,69,54
D20054,32,67,63
D20055,33,75,70
D20056,44,86,73
D257,40,88,74
D255,49,92,77
D276,80,112,68
D20057,61,86,55
D248,51,80,62
D247,42,69,55
D20058,46,67,58
D20059,45,63,57
D40016,201,201,189
D40017,170,174,159
D40018,170,178,163
D40019,154,167,151
D40020,133,146,125
D40021,209,208,195
D40022,187,184,163
D40023,179,170,153
D80026,172,166,149
D80027,172,164,144
D80028,190,184,164
D70070,210,205,191
D70071,197,189,170
D70072,186,172,154
DT765,176,150,134
D70073,150,114,99
D70074,139,106,91
D70075,102,85,71
D40024,139,134,125
D40025,99,84,81
D40026,96,74,76
D40027,70,63,64
D40028,67,61,57
D40029,66,62,61
D40030,51,51,51
D40189,170,175,171
D40190,147,153,154
D40191,114,116,120
D40192,101,100,101
D40193,95,92,93
D40194,162,163,159
D40195,147,151,146
D40196,139,139,136
D40197,128,129,125
D40198,91,89,85
D40199,104,100,99
D40200,122,126,123
D40201,138,139,134
D40202,165,167,161
D40203,160,161,155
D40204,136,138,135
D40205,93,94,93
D40206,58,58,59
D40207,50,50,52
D40208,157,159,153
D40209,140,144,140
D40210,105,109,106
D40211,80,77,76
D40212,58,58,62
D40213,49,51,56
D80035,205,203,192
D800,209,212,230
D80036,209,211,222
D80037,206,207,217
D851,207,210,227
D801,203,208,230
D802,203,207,221
D05F,205,200,188
D80038,206,200,189
D110,210,198,186
D1011,208,182,168
D794,128,85,89
D796,120,77,73
D10127,114,63,66
D10128,103,43,50
D10129,124,41,56
D10130,130,46,55
D192,132,49,64
D10131,135,58,73
D10132,143,48,56
D10133,130,46,47
D10134,128,49,53
D90001,60,63,64
D90002,44,45,46
D90003,47,48,50
D10068,213,191,189
D10069,216,183,189
D1012,213,159,178
D10070,212,152,170
D1044,215,137,162
D1045,206,119,148
D1046,179,88,113
D10071,150,57,74
D10072,138,49,67
D10073,208,151,155
D143,200,112,119
D144,173,86,92
D10074,142,62,65
D10075,134,56,58
D10076,128,53,59
D10077,111,55,60
D10078,191,147,153
D119,190,128,142
D1119,185,113,134
D121,147,61,85
D122,139,57,72
D10079,134,48,64
D10080,137,48,62
D10081,126,46,59
D10082,120,37,49
D30055,-130,102,152
D30056,-100,109,167
D30057,-126,103,160
D30058,-64,95,151
DS055,26,94,149
D30059,24,86,137
D30060,1,89,150
D30061,31,78,131
D30062,35,77,131
D366,30,85,147
D367,29,79,139
D30063,26,75,140
D30064,43,84,142
D30065,47,75,129
D30066,41,72,135
D30067,45,60,98
D30068,46,53,86
D30069,50,56,84
D30070,43,70,95
DT334,38,67,99
D30071,38,60,87
D357,39,53,75
D30072,41,54,76
D30073,43,55,73
D359,47,58,73
D20043,215,190,-57
D20044,194,189,43
D20045,150,152,55
D541,213,208,125
D50099,213,192,82
D50100,218,190,66
D50101,223,184,35
D50102,224,180,22
D50103,198,154,87
D50104,195,138,63
D50105,191,129,48
D50106,146,89,42
D50107,199,175,115
D50108,209,160,78
D50109,200,154,80
D512,178,127,59
D50110,171,114,33
D50111,143,94,56
D50112,196,185,162
D50113,194,178,142
DT001,197,172,119
D553,183,144,92
D50114,172,127,65
D555,145,101,56
D516,130,84,46
D20060,84,116,119
D20061,82,115,118
D20062,68,102,97
D20063,71,103,99
D343,78,104,99
DS244,121,148,113
D254,88,134,98
D20064,38,111,87
D20065,-19,89,84
D20066,36,98,97
D20067,68,127,65
D20068,45,107,54
D20069,44,83,61
D251,167,174,147
D2445,119,130,85
D244,120,129,87
DT274,108,129,79
D274,120,143,106
D20070,116,140,106
D253,95,123,101
D20071,88,112,82
D20072,72,95,70
D20073,53,80,56
D20074,55,75,58
DT247,49,61,46
D40031,184,177,163
D40032,174,168,154
D40033,145,136,125
DT411,136,131,118
D40034,100,89,79
D40035,195,193,183
D80029,168,163,151
D80030,152,144,127
D842,132,117,99
D80031,120,108,94
D80032,123,108,91
D814,135,124,111
D40036,157,149,131
D40037,173,169,153
D40038,156,155,138
D40039,117,116,102
D412,114,117,108
D414,95,93,90
D40040,163,156,135
D423,132,122,105
D424,103,93,81
D40041,86,76,66
D40042,79,71,61
D415,77,72,67
D416,67,62,55
D4467,190,185,180
D40214,174,174,169
D40215,152,153,149
D01K,133,130,127
D40216,139,140,136
D40217,142,146,144
D40218,162,163,157
D40219,164,169,165
D40220,171,177,175
D40221,149,155,154
D40222,136,139,137
D40223,117,119,118
D40224,180,182,172
D40225,160,162,152
D40226,144,146,134
D40227,144,147,137
D40228,167,171,163
D40229,176,177,169
D40230,179,178,170
D40231,169,169,161
D40232,128,127,118
D40233,113,112,106
D40234,87,82,78
D40235,76,74,67
D40236,64,62,58
D10135,191,87,68
D10136,183,78,36
D10137,174,80,56
DT144,166,88,85
D10138,139,57,56
D10139,126,50,47
D10140,126,57,58
D10141,111,53,56
D10142,106,50,57
D10143,82,46,52
D10144,80,52,63
D10145,59,44,57
D30207,49,55,69
D30208,50,60,73
D30209,41,49,63
D30210,48,53,61
D30211,45,46,47
D30212,37,80,112
D30213,33,81,103
D30214,47,70,90
D30215,61,69,82
D30216,63,67,70
D30217,62,66,70
D30218,50,52,60
D30219,44,51,56